City_ID,City,Country,Date,Lat,Lng,Max Temp,Humidity,Cloudiness,Wind Speed
0,Ushuaia,AR,2023-01-06 04:02:02,-54.8,-68.3,49.46,87,96,10.6
1,Severo-Kurilsk,RU,2023-01-06 04:03:51,50.6789,156.125,21.99,84,56,9.22
2,San Felipe,VE,2023-01-06 04:03:52,10.3399,-68.7425,70.63,98,91,2.51
3,Clyde River,CA,2023-01-06 04:02:59,70.4692,-68.5914,-24.48,92,27,2.21
4,Airai,TL,2023-01-06 04:03:52,-8.9266,125.4092,72.93,61,90,7.16
5,Punta Arenas,CL,2023-01-06 04:00:30,-53.15,-70.9167,53.11,71,72,12.8
6,Hobart,AU,2023-01-06 04:03:00,-42.8794,147.3294,70.27,53,20,12.66
7,Cuenca,EC,2023-01-06 04:03:53,-2.8833,-78.9833,55.65,93,100,1.01
8,Atuona,PF,2023-01-06 04:03:54,-9.8,-139.0333,78.44,79,18,17.11
9,Butaritari,KI,2023-01-06 04:03:54,3.0707,172.7902,81.46,72,71,13.69
10,Hailey,US,2023-01-06 04:03:55,43.5196,-114.3153,34.88,86,100,1.01
11,Mataura,NZ,2023-01-06 04:03:55,-46.1927,168.8643,64.85,82,99,8.5
12,Codrington,AU,2023-01-06 04:03:56,-38.2667,141.9667,69.89,57,0,19.39
13,Constitucion,CL,2023-01-06 04:03:56,-35.3333,-72.4167,56.8,93,15,3.22
14,Zhigansk,RU,2023-01-06 04:03:57,66.7697,123.3711,-46.73,100,84,0.43
15,Busselton,AU,2023-01-06 04:03:57,-33.65,115.3333,73.47,59,95,20.69
16,Asau,RO,2023-01-06 04:03:58,46.4333,26.4,43.72,68,100,10.89
17,Jamestown,US,2023-01-06 04:03:59,42.097,-79.2353,38.79,64,100,4.61
18,Xichang,CN,2023-01-06 04:03:59,27.8964,102.2634,55.67,49,52,2.95
19,Wagga Wagga,AU,2023-01-06 04:04:00,-35.1167,147.3667,82.85,41,20,7.0
20,Hermanus,ZA,2023-01-06 04:04:00,-34.4187,19.2345,63.57,65,97,11.65
21,Saint George,US,2023-01-06 04:01:02,37.1041,-113.5841,46.26,91,100,6.91
22,Saint-Augustin,CA,2023-01-06 04:04:01,51.226,-58.6502,3.99,73,1,8.88
23,Buluang,PH,2023-01-06 04:04:01,13.3068,123.3425,81.48,77,99,6.02
24,Sartell,US,2023-01-06 04:04:02,45.6216,-94.2069,2.03,84,0,3.44
25,Nikolskoye,RU,2023-01-06 04:04:02,59.7035,30.7861,10.8,98,99,2.24
26,Kruisfontein,ZA,2023-01-06 04:04:03,-34.0033,24.7314,58.89,84,99,5.14
27,Sabha,LY,2023-01-06 04:04:03,27.0377,14.4283,48.29,58,73,7.72
28,Los Llanos De Aridane,ES,2023-01-06 04:04:04,28.6585,-17.9182,60.55,72,100,10.36
29,Thompson,CA,2023-01-06 04:04:04,55.7435,-97.8558,-11.22,100,12,2.51
30,Ankang,CN,2023-01-06 04:04:05,32.68,109.0172,53.73,49,0,4.5
31,Sitka,US,2023-01-06 04:04:05,57.0531,-135.33,40.89,75,100,0.0
32,Wete,TZ,2023-01-06 04:04:06,-5.0559,39.7294,79.81,78,47,10.56
33,Pombas,CV,2023-01-06 04:04:07,17.1503,-25.0201,69.58,69,92,11.27
34,Mana,GF,2023-01-06 04:04:07,5.6592,-53.7767,75.61,90,100,6.64
35,Mankono,CI,2023-01-06 04:04:08,8.0586,-6.1897,70.54,28,79,1.28
36,Isangel,VU,2023-01-06 04:04:08,-19.55,169.2667,79.59,92,100,19.73
37,Rikitea,PF,2023-01-06 04:04:09,-23.1203,-134.9692,78.55,77,7,15.86
38,Meulaboh,ID,2023-01-06 04:04:09,4.1363,96.1285,80.78,78,74,2.62
39,Port Elizabeth,ZA,2023-01-06 04:04:09,-33.918,25.5701,61.11,95,72,8.03
40,Petropavlovsk-Kamchatskiy,RU,2023-01-06 04:04:10,53.0452,158.6483,10.99,62,75,0.0
41,Juba,SS,2023-01-06 04:04:10,4.8517,31.5825,72.3,42,51,2.66
42,Bluff,NZ,2023-01-06 04:04:11,-46.6,168.3333,56.03,93,100,19.62
43,Tucuma,BR,2023-01-06 03:59:13,-0.1833,-50.05,75.56,90,100,5.48
44,Provideniya,RU,2023-01-06 04:04:12,64.3833,-173.3,8.04,93,100,6.58
45,Kinston,US,2023-01-06 04:03:20,35.2627,-77.5816,54.25,71,0,6.91
46,Talnakh,RU,2023-01-06 04:04:13,69.4865,88.3972,-45.8,96,40,2.06
47,Hovd,MN,2023-01-06 04:05:13,48.0056,91.6419,14.52,76,100,0.29
48,Makakilo City,US,2023-01-06 04:05:14,21.3469,-158.0858,77.32,79,0,6.91
49,Souillac,MU,2023-01-06 04:05:14,-20.5167,57.5167,79.21,74,87,16.35
50,Kapaa,US,2023-01-06 04:05:15,22.0752,-159.319,76.98,83,40,8.05
51,Albany,US,2023-01-06 04:02:53,42.6001,-73.9662,43.65,90,96,1.19
52,Hithadhoo,MV,2023-01-06 04:05:15,-0.6,73.0833,80.28,68,0,9.8
53,Lebu,CL,2023-01-06 04:05:16,-37.6167,-73.65,56.77,94,11,4.68
54,Castro,BR,2023-01-06 04:01:48,-24.7911,-50.0119,51.51,99,7,5.21
55,Port Hardy,CA,2023-01-06 04:05:17,50.6996,-127.4199,43.7,95,100,21.25
56,Lorengau,PG,2023-01-06 04:05:17,-2.0226,147.2712,82.24,82,100,11.07
57,Vaini,TO,2023-01-06 04:05:18,-21.2,-175.2,84.36,84,75,5.75
58,Arraial Do Cabo,BR,2023-01-06 04:05:18,-22.9661,-42.0278,72.23,96,100,9.26
59,Steenwijk,NL,2023-01-06 04:05:19,52.7875,6.1208,51.91,57,100,8.99
60,Klin,RU,2023-01-06 04:05:20,56.3333,36.7333,-16.35,98,32,5.21
61,Sinnamary,GF,2023-01-06 04:05:20,5.3833,-52.95,75.92,90,99,7.23
62,New Norfolk,AU,2023-01-06 04:05:21,-42.7826,147.0587,69.91,42,0,3.0
63,Camopi,GF,2023-01-06 04:05:21,3.1655,-52.3158,69.85,100,84,1.72
64,Carnarvon,AU,2023-01-06 04:05:22,-24.8667,113.6333,78.57,74,60,17.2
65,Yumen,CN,2023-01-06 04:05:22,40.2833,97.2,33.75,22,0,2.26
66,Mocuba,MZ,2023-01-06 04:05:23,-16.8392,36.9856,74.23,90,46,2.39
67,Andenes,NO,2023-01-06 04:05:24,69.3143,16.1194,24.93,63,0,16.11
68,Luderitz,NA,2023-01-06 04:05:24,-26.6481,15.1594,59.02,74,0,16.89
69,Puerto Ayora,EC,2023-01-06 04:05:25,-0.7393,-90.3518,73.54,96,32,3.0
70,Cidreira,BR,2023-01-06 04:03:21,-30.1811,-50.2056,71.17,76,0,11.36
71,Ribeira Grande,PT,2023-01-06 04:05:25,38.5167,-28.7,61.77,86,99,18.01
72,Bredasdorp,ZA,2023-01-06 04:05:26,-34.5322,20.0403,63.79,55,100,5.14
73,Georgetown,MY,2023-01-06 04:00:26,5.4112,100.3354,87.73,55,20,10.36
74,Cockburn Town,TC,2023-01-06 04:05:27,21.4612,-71.1419,78.66,76,8,22.48
75,Mareeba,AU,2023-01-06 04:05:27,-17.0,145.4333,85.44,76,100,7.87
76,Port Alfred,ZA,2023-01-06 04:05:27,-33.5906,26.891,62.19,87,100,1.01
77,Tautira,PF,2023-01-06 04:05:28,-17.7333,-149.15,79.88,74,57,7.25
78,Barrow,US,2023-01-06 04:05:28,71.2906,-156.7887,-5.78,84,0,23.02
79,Saldanha,ZA,2023-01-06 04:05:29,-33.0117,17.9442,59.83,75,2,12.73
80,Vila Franca Do Campo,PT,2023-01-06 04:05:30,37.7167,-25.4333,59.41,83,82,11.27
81,Irbeyskoye,RU,2023-01-06 04:05:30,55.6428,95.4522,25.03,87,100,10.94
82,La Reforma,MX,2023-01-06 04:05:30,25.0833,-108.05,66.29,43,0,7.94
83,Yulara,AU,2023-01-06 04:01:23,-25.2406,130.9889,87.67,15,100,19.42
84,Guarapari,BR,2023-01-06 04:05:31,-20.6667,-40.4975,76.89,97,100,5.01
85,Cape Town,ZA,2023-01-06 04:05:03,-33.9258,18.4232,63.27,71,0,7.0
86,Oranjemund,NA,2023-01-06 04:05:32,-28.55,16.4333,57.47,84,0,7.63
87,Victoria,HK,2023-01-06 04:05:33,22.2855,114.1577,74.97,61,42,10.0
88,Ponta Do Sol,PT,2023-01-06 04:05:33,32.6667,-17.1,62.71,78,22,2.33
89,Avarua,CK,2023-01-06 04:05:34,-21.2078,-159.775,77.05,83,100,11.5
90,Lompoc,US,2023-01-06 04:05:34,34.6391,-120.4579,52.79,95,20,4.61
91,Timmins,CA,2023-01-06 04:01:37,48.4669,-81.3331,7.5,98,99,2.98
92,Pevek,RU,2023-01-06 04:06:35,69.7008,170.3133,-28.3,95,100,3.87
93,Santa Cruz,BO,2023-01-06 04:05:29,-17.8,-63.1667,71.06,83,59,2.3
94,Uvinza,TZ,2023-01-06 04:06:35,-5.1036,30.3911,63.28,96,84,0.96
95,Tyubuk,RU,2023-01-06 04:06:36,56.0552,60.9405,5.18,97,100,6.31
96,Worthing,GB,2023-01-06 04:06:37,50.8145,-0.3713,51.76,90,100,5.99
97,Tuatapere,NZ,2023-01-06 04:06:37,-46.1333,167.6833,58.23,98,100,5.28
98,Komsomolskiy,UZ,2023-01-06 04:06:39,40.4272,71.7189,34.52,86,100,4.61
99,Pisco,PE,2023-01-06 04:06:39,-13.7,-76.2167,69.85,83,0,6.91
100,Cartagena,CO,2023-01-06 04:03:34,10.3997,-75.5144,77.7,83,0,16.71
101,Qarqin,AF,2023-01-06 04:06:40,37.4185,66.0436,50.56,47,100,6.67
102,Kismayo,SO,2023-01-06 04:06:41,-0.3582,42.5454,78.51,79,8,16.91
103,Iringa,TZ,2023-01-06 04:06:41,-7.7667,35.7,58.08,88,86,3.29
104,Yellowknife,CA,2023-01-06 04:06:42,62.456,-114.3525,6.57,84,94,8.99
105,Awjilah,LY,2023-01-06 04:06:42,29.1081,21.2869,59.9,69,100,5.12
106,Nishihara,JP,2023-01-06 04:06:43,26.1842,127.7558,71.26,56,40,9.22
107,Erenhot,CN,2023-01-06 04:06:43,43.6475,111.9767,19.11,49,2,20.83
108,Hilo,US,2023-01-06 04:06:44,19.7297,-155.09,74.12,93,75,5.75
109,Yarada,IN,2023-01-06 04:06:44,17.65,83.2667,75.52,60,20,8.05
110,Bethel,US,2023-01-06 04:06:45,41.3712,-73.414,44.02,88,100,5.75
111,Upernavik,GL,2023-01-06 04:06:45,72.7868,-56.1549,-17.01,77,12,10.2
112,Dovers,VC,2023-01-06 04:06:46,12.8833,-61.1833,77.86,81,100,23.55
113,Poum,NC,2023-01-06 04:06:46,-20.2333,164.0167,81.66,71,100,7.05
114,Sumbe,AO,2023-01-06 04:06:46,-11.2061,13.8437,76.87,85,100,3.6
115,Half Moon Bay,US,2023-01-06 04:06:47,37.4636,-122.4286,53.47,88,100,5.75
116,Grosseto,IT,2023-01-06 04:06:47,42.8333,11.25,52.16,87,19,2.51
117,Carutapera,BR,2023-01-06 04:06:43,-1.195,-46.02,76.69,84,92,6.91
118,Gat,IL,2023-01-06 04:06:48,31.61,34.7642,59.4,100,99,6.15
119,Cabo San Lucas,MX,2023-01-06 04:03:43,22.8909,-109.9124,74.52,46,0,9.62
120,Nivala,FI,2023-01-06 04:06:49,63.9167,24.9667,-1.62,99,57,0.96
121,Kasongo,CD,2023-01-06 04:06:49,-4.45,26.6667,65.55,97,92,1.34
122,Riyadh,SA,2023-01-06 04:03:23,24.6877,46.7219,50.88,81,99,9.22
123,Khatanga,RU,2023-01-06 04:06:50,71.9667,102.5,-55.03,100,88,4.56
124,Campo Maior,BR,2023-01-06 04:06:51,-4.8278,-42.1686,75.6,72,90,4.5
125,Longyearbyen,SJ,2023-01-06 04:06:51,78.2186,15.6401,31.84,86,75,10.36
126,Dikson,RU,2023-01-06 04:06:52,73.5069,80.5464,-27.42,100,100,4.76
127,Catuday,PH,2023-01-06 04:06:52,16.2923,119.8062,81.45,68,96,8.7
128,Kaeo,NZ,2023-01-06 04:06:53,-35.1,173.7833,71.33,97,100,1.68
129,Anadyr,RU,2023-01-06 04:06:54,64.75,177.4833,-5.01,83,100,15.66
130,Guerrero Negro,MX,2023-01-06 04:06:54,27.9769,-114.0611,60.37,77,1,15.21
131,Manzhouli,CN,2023-01-06 04:06:55,49.6,117.4333,-6.95,89,70,0.69
132,Ola,RU,2023-01-06 04:07:55,59.5833,151.2833,-2.87,79,12,6.82
133,Bograd,RU,2023-01-06 04:07:56,54.2344,90.8328,20.62,91,100,3.51
134,Astoria,US,2023-01-06 04:07:56,46.1879,-123.8313,50.86,73,100,11.99
135,Mar Del Plata,AR,2023-01-06 04:03:53,-38.0023,-57.5575,71.1,89,85,5.97
136,Bethanien,NA,2023-01-06 04:07:57,-26.502,17.1583,54.41,66,0,4.12
137,Bambous Virieux,MU,2023-01-06 04:07:57,-20.3428,57.7575,82.22,73,85,15.97
138,Flinders,AU,2023-01-06 04:07:58,-34.5833,150.8552,66.25,82,100,20.27
139,Norman Wells,CA,2023-01-06 04:07:58,65.282,-126.8329,-15.5,100,87,1.07
140,Broken Hill,AU,2023-01-06 04:04:12,-31.95,141.4333,85.03,19,0,12.1
141,Tasiilaq,GL,2023-01-06 04:07:59,65.6145,-37.6368,12.36,54,44,7.56
142,Nabire,ID,2023-01-06 04:08:00,-3.3667,135.4833,85.08,67,89,4.38
143,Zhicheng,CN,2023-01-06 04:08:00,30.2956,111.5047,62.71,42,0,2.51
144,Thika,KE,2023-01-06 04:08:01,-1.0333,37.0693,53.17,70,15,2.24
145,Along,IN,2023-01-06 04:08:01,28.1667,94.7667,67.53,24,0,1.25
146,Priekule,LV,2023-01-06 04:08:01,56.4468,21.5897,16.92,83,8,6.98
147,Saint Anthony,US,2023-01-06 04:05:23,45.0205,-93.218,15.85,100,61,3.38
148,Dingle,PH,2023-01-06 04:08:02,10.9995,122.6711,84.24,71,76,11.48
149,Teguise,ES,2023-01-06 04:08:03,29.0605,-13.564,57.42,82,0,9.22
150,Bonfim,BR,2023-01-06 04:08:03,3.0833,-59.95,75.87,80,96,7.78
151,Sao Filipe,CV,2023-01-06 04:08:04,14.8961,-24.4956,74.64,62,60,10.58
152,Mouila,GA,2023-01-06 04:08:04,-1.8685,11.0559,70.75,98,96,0.83
153,Siemiatycze,PL,2023-01-06 04:08:05,52.4272,22.8623,28.65,74,98,13.22
154,Port Hawkesbury,CA,2023-01-06 04:08:05,45.6169,-61.3485,28.62,86,100,8.99
155,Port Lincoln,AU,2023-01-06 04:08:06,-34.7333,135.8667,70.93,59,2,10.92
156,Sivaki,RU,2023-01-06 04:08:06,52.6333,126.75,-1.91,85,11,2.89
157,Cacule,BR,2023-01-06 04:08:07,-14.5033,-42.2222,68.81,97,100,3.44
158,Aklavik,CA,2023-01-06 04:08:07,68.2191,-135.0107,-4.94,99,97,4.05
159,Rio Gallegos,AR,2023-01-06 04:05:45,-51.6226,-69.2181,62.65,59,0,12.66
160,San Patricio,US,2023-01-06 04:08:08,28.017,-97.5169,64.83,63,0,7.14
161,Vao,NC,2023-01-06 04:08:08,-22.6667,167.4833,79.41,84,100,14.09
162,Praia,CV,2023-01-06 04:08:09,14.9215,-23.5087,72.91,70,98,13.76
163,Ilulissat,GL,2023-01-06 04:08:09,69.2167,-51.1,3.22,55,19,1.14
164,Buraydah,SA,2023-01-06 04:04:35,26.326,43.975,48.04,62,0,4.7
165,Benghazi,LY,2023-01-06 04:08:10,32.1167,20.0667,61.36,63,2,5.7
166,Nuevo Ideal,MX,2023-01-06 04:08:11,24.8875,-105.0728,51.87,31,0,5.12
167,Bahia Blanca,AR,2023-01-06 04:08:11,-38.7196,-62.2724,79.29,44,76,9.1
168,Kaitangata,NZ,2023-01-06 04:08:12,-46.2817,169.8464,60.71,93,96,9.6
169,Tymovskoye,RU,2023-01-06 04:08:12,50.8456,142.655,11.14,86,65,3.65
170,Beringovskiy,RU,2023-01-06 04:08:13,63.05,179.3167,-11.2,91,98,11.03
171,Shingu,JP,2023-01-06 04:08:13,33.7333,135.9833,53.06,38,15,5.26
172,Sao Joao Da Barra,BR,2023-01-06 04:08:14,-21.6403,-41.0511,73.02,95,100,5.55
173,Yeppoon,AU,2023-01-06 04:08:14,-23.1333,150.7333,83.98,76,100,8.68
174,Clarence Town,AU,2023-01-06 04:08:15,-32.5833,151.7833,76.6,62,73,11.48
175,Helong,CN,2023-01-06 04:08:15,42.5397,128.9972,29.61,51,100,2.64
176,Lucapa,AO,2023-01-06 04:08:16,-8.4192,20.7447,62.58,96,100,1.5
177,Santiago,CL,2023-01-06 04:07:22,-33.4569,-70.6483,72.86,54,0,10.36
178,Churapcha,RU,2023-01-06 04:08:17,62.0025,132.4325,-22.14,97,99,1.79
179,Qaanaaq,GL,2023-01-06 04:08:17,77.484,-69.3632,-10.64,89,100,7.85
180,Sawakin,SD,2023-01-06 04:09:18,19.1059,37.3321,71.64,64,99,12.75
181,Itarema,BR,2023-01-06 04:09:18,-2.9248,-39.9167,77.65,82,51,9.84
182,Egvekinot,RU,2023-01-06 04:09:19,66.3167,-179.1667,-11.13,91,100,11.95
183,Northam,GB,2023-01-06 04:09:19,51.0333,-4.2167,47.61,95,17,13.0
184,Broome,US,2023-01-06 04:09:20,42.2506,-75.833,40.66,87,100,4.61
185,Lata,PT,2023-01-06 04:09:20,40.1629,-8.3327,38.07,85,3,2.93
186,Akdepe,TM,2023-01-06 04:09:21,42.0551,59.3788,32.61,92,36,1.28
187,Tiksi,RU,2023-01-06 04:09:21,71.6872,128.8694,-18.4,97,100,3.96
188,Cherskiy,RU,2023-01-06 04:09:22,68.75,161.3,-51.86,100,71,1.72
189,Jacareacanga,BR,2023-01-06 04:09:22,-6.2222,-57.7528,72.55,99,100,1.77
190,Gayeri,BF,2023-01-06 04:09:22,12.6497,0.4931,67.84,27,66,8.88
191,Winslow,US,2023-01-06 04:09:23,35.0242,-110.6974,46.58,46,0,13.8
192,Coracora,PE,2023-01-06 04:09:24,-15.0333,-73.7833,48.58,65,96,0.96
193,Kavieng,PG,2023-01-06 04:09:24,-2.5744,150.7967,82.87,77,46,8.12
194,Barsovo,RU,2023-01-06 04:09:24,61.1667,73.1667,-9.27,97,100,9.91
195,Peniche,PT,2023-01-06 04:09:25,39.3558,-9.3811,50.45,83,4,5.01
196,Kumylzhenskaya,RU,2023-01-06 04:09:25,49.8809,42.5898,34.99,99,100,8.75
197,Faanui,PF,2023-01-06 04:09:26,-16.4833,-151.75,81.48,68,19,8.19
198,Birin,NP,2023-01-06 04:09:26,26.8865,88.0718,58.15,25,0,3.24
199,Mount Darwin,ZW,2023-01-06 04:09:27,-16.7725,31.5838,68.32,90,99,1.5
200,Qaqortoq,GL,2023-01-06 04:09:27,60.7167,-46.0333,26.35,49,67,19.84
201,East London,ZA,2023-01-06 04:09:28,-33.0153,27.9116,64.31,78,100,8.81
202,Chicama,PE,2023-01-06 04:09:28,-7.8447,-79.1469,64.94,75,97,4.79
203,Rafsanjan,IR,2023-01-06 04:09:29,30.4067,55.9939,45.27,68,2,2.46
204,Gao,ML,2023-01-06 04:09:29,16.6362,1.637,63.0,22,16,11.79
205,Ancud,CL,2023-01-06 04:09:30,-41.8697,-73.8203,54.82,94,1,3.33
206,Port Hedland,AU,2023-01-06 04:06:36,-20.3167,118.5667,93.25,55,100,16.11
207,Sept-Iles,CA,2023-01-06 04:05:52,50.2001,-66.3821,6.06,69,90,4.0
208,Pacific Grove,US,2023-01-06 04:08:08,36.6177,-121.9166,51.91,89,40,6.91
209,Yaan,NG,2023-01-06 04:09:31,7.3833,8.5667,72.48,35,95,3.69
210,Yerbogachen,RU,2023-01-06 04:09:32,61.2767,108.0108,2.97,97,99,3.91
211,Adre,TD,2023-01-06 04:09:32,13.4667,22.2,57.22,34,20,15.14
212,Gayny,RU,2023-01-06 04:09:33,60.3071,54.3241,-2.29,98,99,5.01
213,Sambava,MG,2023-01-06 04:09:33,-14.2667,50.1667,76.84,84,97,5.88
214,Syracuse,IT,2023-01-06 04:05:13,37.0881,15.2792,49.32,76,4,6.06
215,Dzhankoy,UA,2023-01-06 04:06:13,45.7167,34.4,45.91,85,87,13.31
216,Tura,IN,2023-01-06 04:09:34,25.5198,90.2201,70.43,39,0,1.57
217,Tuma,RU,2023-01-06 04:09:35,55.148,40.5537,-12.73,91,10,8.77
218,Gobabis,NA,2023-01-06 04:09:30,-22.45,18.9667,64.53,29,37,14.41
219,Mandiana,GN,2023-01-06 04:09:35,10.6333,-8.6833,68.25,24,27,5.06
220,Geraldton,AU,2023-01-06 04:09:36,-28.7667,114.6,90.01,40,0,8.05
221,Esperance,AU,2023-01-06 04:08:35,-33.8667,121.9,80.94,43,0,5.3
222,Asfi,MA,2023-01-06 04:09:37,32.2994,-9.2372,58.57,72,0,2.46
223,Soto La Marina,MX,2023-01-06 04:09:37,23.7667,-98.2167,65.08,95,2,4.5
224,Rize,TR,2023-01-06 04:09:37,40.9044,40.8949,26.15,63,99,7.38
225,Healdsburg,US,2023-01-06 04:09:38,38.6105,-122.8692,49.55,86,100,3.44
226,Poya,NC,2023-01-06 04:09:38,-21.35,165.15,81.18,74,100,4.59
227,Hami,CN,2023-01-06 04:10:39,42.8,93.45,22.48,58,3,2.08
228,Mount Gambier,AU,2023-01-06 04:10:39,-37.8333,140.7667,77.32,40,0,13.06
229,Ahipara,NZ,2023-01-06 04:10:40,-35.1667,173.1667,69.96,95,100,1.36
230,Saskylakh,RU,2023-01-06 04:10:41,71.9167,114.0833,-32.12,100,100,1.23
231,Seydi,TM,2023-01-06 04:10:41,39.4816,62.9137,45.23,78,99,6.35
232,Jiwani,PK,2023-01-06 04:10:42,25.05,61.7417,69.4,54,99,4.03
233,Tuktoyaktuk,CA,2023-01-06 04:10:42,69.4541,-133.0374,-13.0,84,75,14.97
234,Yenagoa,NG,2023-01-06 04:10:43,4.9247,6.2642,75.47,84,99,3.78
235,Saint-Philippe,RE,2023-01-06 04:10:43,-21.3585,55.7679,81.99,82,80,13.51
236,Seoul,KR,2023-01-06 04:10:27,37.5683,126.9778,36.84,59,93,3.06
237,Fortuna,US,2023-01-06 04:10:44,40.5982,-124.1573,48.54,95,75,13.8
238,Velikiy Novgorod,RU,2023-01-06 04:08:17,58.5167,31.2833,-4.65,99,12,2.93
239,Oktyabrskoye,RU,2023-01-06 04:10:44,43.0645,44.7417,23.14,93,11,2.24
240,Palu,ID,2023-01-06 04:10:45,-0.8917,119.8707,92.84,47,97,3.89
241,Severnoye,RU,2023-01-06 04:10:45,56.3491,78.3619,-5.26,99,99,3.69
242,Talisay,PH,2023-01-06 04:10:46,10.2447,123.8494,84.22,70,40,10.36
243,Mtimbira,TZ,2023-01-06 04:10:46,-8.7833,36.35,71.71,87,69,1.16
244,Kendari,ID,2023-01-06 04:10:47,-3.945,122.4989,89.31,55,100,5.5
245,Coahuayana,MX,2023-01-06 04:10:47,18.7333,-103.6833,71.83,93,1,2.57
246,Rio Do Sul,BR,2023-01-06 04:10:48,-27.2142,-49.6431,64.38,99,14,1.34
247,Ossora,RU,2023-01-06 04:10:48,59.2353,163.0719,-12.87,85,45,7.74
248,Rozsypne,UA,2023-01-06 04:10:49,48.1497,38.5762,39.51,91,100,12.8
249,Pringsewu,ID,2023-01-06 04:10:49,-5.3582,104.9744,87.15,56,96,3.33
250,Noumea,NC,2023-01-06 04:10:47,-22.2763,166.4572,87.78,73,100,2.73
251,Edd,ER,2023-01-06 04:10:50,13.9297,41.6925,77.59,64,2,10.4
252,Grindavik,IS,2023-01-06 04:10:50,63.8424,-22.4338,23.47,93,94,6.91
253,Chara,RU,2023-01-06 04:10:51,56.9064,118.2631,-5.87,85,91,0.58
254,Kloulklubed,PW,2023-01-06 04:10:51,7.0419,134.2556,81.1,88,100,16.58
255,Praia Da Vitoria,PT,2023-01-06 04:10:52,38.7333,-27.0667,59.76,91,100,17.13
256,Mahebourg,MU,2023-01-06 04:10:52,-20.4081,57.7,82.26,74,87,16.46
257,Dullewala,PK,2023-01-06 04:10:53,31.8359,71.4362,59.31,18,100,2.33
258,Chuy,UY,2023-01-06 04:10:53,-33.6971,-53.4616,63.37,83,10,6.69
259,Charlestown,AU,2023-01-06 04:10:53,-32.95,151.6667,75.81,66,63,8.01
260,Port-Gentil,GA,2023-01-06 04:10:54,-0.7193,8.7815,78.67,83,99,10.36
261,Amahai,ID,2023-01-06 04:10:54,-3.3333,128.9167,87.87,61,100,6.24
262,Huarmey,PE,2023-01-06 04:10:55,-10.0681,-78.1522,69.91,79,100,7.38
263,Hamilton,US,2023-01-06 04:10:55,39.1834,-84.5333,39.83,71,100,16.11
264,Klaeng,TH,2023-01-06 04:10:56,12.7797,101.6483,83.37,61,93,8.68
265,Jidong,CN,2023-01-06 04:10:56,45.2167,131.0833,13.59,83,16,2.95
266,Padang,ID,2023-01-06 04:10:57,-0.9492,100.3543,77.05,77,75,3.67
267,Kenai,US,2023-01-06 04:10:57,60.5544,-151.2583,15.15,92,100,0.0
268,Aksarka,RU,2023-01-06 04:10:58,66.5606,67.7975,-22.65,96,100,13.11
269,Tsogni,GA,2023-01-06 04:10:58,-2.7942,10.0988,73.8,92,83,2.08
270,Atikokan,CA,2023-01-06 04:10:58,48.7555,-91.6216,-5.87,100,7,2.35
271,Karangasem,ID,2023-01-06 04:10:59,-8.45,115.6167,81.14,76,100,9.55
272,Te Anau,NZ,2023-01-06 04:10:00,-45.4167,167.7167,65.64,85,100,5.66
273,Verkhnyaya Salda,RU,2023-01-06 04:11:00,58.0456,60.5533,5.92,96,100,4.9
274,Karpogory,RU,2023-01-06 04:11:00,64.0019,44.4451,-12.48,97,97,7.25
275,Sri Aman,MY,2023-01-06 04:12:01,1.2376,111.4621,86.04,65,100,4.45
276,Karasuk,RU,2023-01-06 04:12:01,53.7377,78.0403,16.86,96,100,5.06
277,Hasaki,JP,2023-01-06 04:12:02,35.7333,140.8333,52.29,37,100,4.65
278,Vinh,VN,2023-01-06 04:12:02,18.6667,105.6667,65.75,83,100,9.06
279,Bengkulu,ID,2023-01-06 04:12:03,-3.8004,102.2655,82.49,68,60,5.03
280,Palmer,US,2023-01-06 04:12:03,42.1584,-72.3287,40.24,85,100,3.44
281,Zhangye,CN,2023-01-06 04:12:04,38.9342,100.4517,40.28,16,0,7.56
282,Tahoua,NE,2023-01-06 04:12:04,14.8888,5.2692,61.63,26,31,11.14
283,Kumluca,TR,2023-01-06 04:12:05,36.3703,30.2869,54.32,64,0,5.03
284,Rossland,CA,2023-01-06 04:12:05,49.0831,-117.8022,27.63,77,99,0.63
285,Avera,US,2023-01-06 04:12:06,33.194,-82.5271,49.55,66,0,9.04
286,Kailua,US,2023-01-06 04:12:06,21.4022,-157.7394,78.78,79,75,6.91
287,Ordu,TR,2023-01-06 04:12:07,40.9086,37.6845,30.7,69,70,8.3
288,Nikolsk,RU,2023-01-06 04:12:07,53.7189,46.0712,7.21,95,100,11.48
289,Veroce,HU,2023-01-06 04:12:08,47.8247,19.0348,46.72,80,50,9.71
290,Maldonado,UY,2023-01-06 04:12:08,-34.6667,-54.9167,63.79,71,84,9.66
291,Alofi,NU,2023-01-06 04:12:09,-19.0595,-169.9187,78.33,76,100,17.05
292,Vestmannaeyjar,IS,2023-01-06 04:12:09,63.4427,-20.2734,30.45,79,100,8.86
293,Batagay,RU,2023-01-06 04:12:10,67.6333,134.6333,-40.77,100,99,1.95
294,Jining,CN,2023-01-06 04:12:11,35.405,116.5814,53.38,18,0,13.15
295,Takoradi,GH,2023-01-06 04:12:11,4.8845,-1.7554,77.5,79,72,5.37
296,Kuching,MY,2023-01-06 04:12:11,1.55,110.3333,88.02,79,40,9.22
297,Rocha,UY,2023-01-06 04:10:26,-34.4833,-54.3333,58.86,91,48,7.0
298,Powell River,CA,2023-01-06 04:12:12,49.8496,-124.5361,52.0,85,100,18.03
299,Beloha,MG,2023-01-06 04:12:13,-25.1667,45.05,74.3,82,66,6.44
300,Maniitsoq,GL,2023-01-06 04:12:13,65.4167,-52.9,17.64,58,64,7.96
301,Chokurdakh,RU,2023-01-06 04:12:14,70.6333,147.9167,-49.04,100,99,2.89
302,Yangjiang,CN,2023-01-06 04:11:30,21.85,111.9667,74.52,46,59,11.52
303,Mildura,AU,2023-01-06 04:08:26,-34.2,142.15,87.08,32,0,11.23
304,Pontes E Lacerda,BR,2023-01-06 04:12:15,-15.2261,-59.3353,68.77,98,62,1.41
305,Adrar,MR,2023-01-06 04:12:15,20.5022,-10.0711,56.57,21,37,11.7
306,Kirakira,SB,2023-01-06 04:12:16,-10.4544,161.9205,82.99,80,51,8.55
307,Matagami,CA,2023-01-06 04:12:16,49.7502,-77.6328,-0.9,99,47,3.04
308,Margate,GB,2023-01-06 04:12:17,51.3813,1.3862,51.87,87,100,7.0
309,Point Pedro,LK,2023-01-06 04:09:19,9.8167,80.2333,78.42,78,100,18.77
310,La Grande,US,2023-01-06 04:10:15,45.3246,-118.0877,40.06,81,100,6.96
311,Atambua,ID,2023-01-06 04:12:18,-9.1061,124.8925,78.39,81,86,9.44
312,Xinqing,CN,2023-01-06 04:12:18,48.2333,129.5,5.9,74,27,2.68
313,Bontang,ID,2023-01-06 04:12:19,0.1333,117.5,86.47,61,99,4.38
314,Pimentel,PE,2023-01-06 04:12:19,-6.8367,-79.9342,68.29,88,0,17.27
315,Linxi,CN,2023-01-06 04:12:20,39.7,118.4333,39.51,26,1,13.38
316,Svetlogorsk,BY,2023-01-06 04:12:20,52.6333,29.7333,19.11,82,99,14.45
317,Yar-Sale,RU,2023-01-06 04:12:21,66.8333,70.8333,-20.87,100,100,9.91
318,Leh,IN,2023-01-06 04:12:21,34.1667,77.5833,5.76,43,30,1.99
319,Necochea,AR,2023-01-06 04:12:22,-38.5473,-58.7368,63.16,77,24,9.31
320,Coari,BR,2023-01-06 04:12:22,-4.085,-63.1414,73.74,97,100,1.72
321,Zapolyarnyy,RU,2023-01-06 04:13:23,69.4154,30.8136,22.28,89,100,8.52
322,Srednekolymsk,RU,2023-01-06 04:12:21,67.45,153.6833,-47.18,99,97,1.54
323,Indian Head,US,2023-01-06 04:13:24,38.6001,-77.1622,52.14,69,0,10.36
324,Dubbo,AU,2023-01-06 04:13:24,-32.25,148.6167,80.73,32,40,17.27
325,Torbay,CA,2023-01-06 04:13:24,47.6666,-52.7314,21.38,76,96,7.0
326,Burnie,AU,2023-01-06 04:13:25,-41.0667,145.9167,62.28,72,87,8.52
327,Molepolole,BW,2023-01-06 04:13:26,-24.4066,25.4951,67.62,76,48,3.53
328,Leningradskiy,RU,2023-01-06 04:13:26,69.3833,178.4167,-21.77,96,99,8.37
329,Kodiak,US,2023-01-06 04:13:26,57.79,-152.4072,24.31,86,0,6.91
330,Krasnoselkup,RU,2023-01-06 04:13:27,65.7,82.4667,-29.97,86,56,9.8
331,Key West,US,2023-01-06 04:11:32,24.5557,-81.7826,75.99,94,0,3.44
332,Tucumcari,US,2023-01-06 04:12:39,35.1717,-103.725,52.95,42,0,13.8
333,Rawson,AR,2023-01-06 04:11:01,-43.3002,-65.1023,76.6,43,34,22.19
334,Araouane,ML,2023-01-06 04:13:29,18.9048,-3.5265,63.01,22,100,10.42
335,Mount Isa,AU,2023-01-06 04:13:29,-20.7333,139.5,91.17,35,89,8.05
336,Yorkton,CA,2023-01-06 04:13:30,51.2167,-102.4677,4.84,85,100,2.3
337,Haines Junction,CA,2023-01-06 04:13:30,60.7522,-137.5108,7.61,98,100,1.43
338,Tilichiki,RU,2023-01-06 04:13:31,60.4667,166.1,-24.39,93,18,11.21
339,Hirado,JP,2023-01-06 04:13:31,33.3597,129.5531,56.39,53,41,12.95
340,Sao Jose Do Campestre,BR,2023-01-06 04:13:31,-6.3156,-35.7139,72.41,88,3,4.05
341,Springville,US,2023-01-06 04:13:32,40.1652,-111.6107,37.56,82,100,5.75
342,Sakakah,SA,2023-01-06 04:12:33,29.9697,40.2064,45.39,81,0,1.7
343,Craig,US,2023-01-06 04:12:48,40.5153,-107.5464,21.15,73,75,0.0
344,Lagoa,PT,2023-01-06 04:13:33,39.05,-27.9833,59.63,85,100,30.24
345,Kavaratti,IN,2023-01-06 04:13:33,10.5669,72.642,80.94,66,0,8.77
346,Korla,CN,2023-01-06 04:13:34,41.7597,86.1469,25.57,38,6,3.44
347,Vostok,RU,2023-01-06 04:13:34,46.4856,135.8833,9.27,78,66,4.05
348,Yazoo City,US,2023-01-06 04:13:35,32.8551,-90.4056,43.92,73,0,5.97
349,Oum Hadjer,TD,2023-01-06 04:13:35,13.2954,19.6966,63.54,29,27,9.13
350,Nawashahr,IN,2023-01-06 04:12:40,31.1167,76.1333,48.9,36,2,2.71
351,Umm Kaddadah,SD,2023-01-06 04:13:36,13.6017,26.6876,55.53,42,5,16.33
352,Kahului,US,2023-01-06 04:13:36,20.8947,-156.47,76.84,85,20,11.5
353,Waipawa,NZ,2023-01-06 04:13:37,-41.4122,175.5153,68.11,79,100,4.03
354,Erzin,TR,2023-01-06 04:13:37,36.9559,36.2,49.17,76,48,3.65
355,Bandarbeyla,SO,2023-01-06 04:13:38,9.4942,50.8122,76.35,72,31,15.1
356,Kasamwa,TZ,2023-01-06 04:13:38,-2.85,32.4333,63.28,76,29,2.3
357,Chernyshevskiy,RU,2023-01-06 04:12:20,63.0128,112.4714,-19.61,97,100,3.04
358,Husavik,IS,2023-01-06 04:13:39,66.0449,-17.3389,23.58,88,100,10.42
359,Billings,US,2023-01-06 04:10:00,45.7833,-108.5007,32.5,63,100,8.05
360,Port Blair,IN,2023-01-06 04:13:39,11.6667,92.75,84.24,70,20,11.5
361,Mao,ES,2023-01-06 04:13:40,39.8885,4.2658,48.76,100,40,4.61
362,Vila Velha,BR,2023-01-06 04:13:40,-20.3297,-40.2925,78.75,93,40,12.66
363,Havelock,US,2023-01-06 04:13:41,34.8791,-76.9013,58.95,80,0,9.22
364,Dongsheng,CN,2023-01-06 04:13:42,39.8161,109.9776,24.39,34,0,20.65
365,Coihaique,CL,2023-01-06 04:11:50,-45.5752,-72.0662,65.01,63,0,1.14
366,Inuvik,CA,2023-01-06 04:10:32,68.3499,-133.7218,-11.36,99,82,3.62
367,Skjervoy,NO,2023-01-06 04:13:43,70.0311,20.9714,17.6,54,66,8.16
368,Taoudenni,ML,2023-01-06 04:14:44,22.6783,-3.9836,59.88,28,83,11.7
369,Phangnga,TH,2023-01-06 04:14:44,8.4509,98.5298,86.04,50,23,6.22
370,Lewistown,US,2023-01-06 04:14:45,40.5992,-77.5714,41.72,93,75,0.0
371,Dakar,SN,2023-01-06 04:14:45,14.6937,-17.4441,73.72,64,100,14.61
372,Czersk,PL,2023-01-06 04:14:46,53.7959,17.9765,31.46,69,100,4.38
373,Sistranda,NO,2023-01-06 04:14:46,63.7256,8.834,30.16,67,100,24.99
374,Kyren,RU,2023-01-06 04:12:18,51.6828,102.1408,17.6,74,18,3.78
375,Kajaani,FI,2023-01-06 04:14:47,64.2273,27.7285,8.65,85,100,0.0
376,Nemuro,JP,2023-01-06 04:14:48,43.3236,145.575,30.07,62,66,19.66
377,Raudeberg,NO,2023-01-06 04:14:48,61.9875,5.1352,35.87,67,100,19.95
378,Babol,IR,2023-01-06 04:14:49,36.5513,52.679,46.29,84,9,4.07
379,Lumphat,KH,2023-01-06 04:14:49,13.4878,106.9816,70.39,79,100,1.88
380,Garden City,US,2023-01-06 04:14:50,42.3256,-83.331,35.15,92,75,9.22
381,Manta,EC,2023-01-06 04:14:50,-0.95,-80.7333,75.99,70,100,12.35
382,Tocopilla,CL,2023-01-06 04:14:51,-22.092,-70.1979,70.03,67,2,1.99
383,Mitoc,RO,2023-01-06 04:14:51,48.1,27.0333,42.71,72,97,25.79
384,Oytal,KZ,2023-01-06 04:14:52,42.9057,73.2697,41.14,69,100,7.29
385,Paraipaba,BR,2023-01-06 04:14:52,-3.4394,-39.1483,76.08,84,29,4.94
386,Florianopolis,BR,2023-01-06 04:13:54,-27.6146,-48.5012,67.62,86,20,4.61
387,Hvolsvollur,IS,2023-01-06 04:14:53,63.7533,-20.2243,18.66,89,98,4.61
388,Udachnyy,RU,2023-01-06 04:14:53,66.4167,112.4,-51.12,100,90,3.38
389,Cabedelo,BR,2023-01-06 04:14:54,-6.9811,-34.8339,75.87,77,11,7.65
390,Troy,US,2023-01-06 04:10:55,42.6056,-83.1499,34.9,90,100,4.61
391,Gumdag,TM,2023-01-06 04:14:55,39.2061,54.5906,40.62,74,77,7.25
392,Port Keats,AU,2023-01-06 04:14:55,-14.25,129.55,85.35,71,86,19.04
393,Inirida,CO,2023-01-06 04:14:55,3.8653,-67.9239,75.4,80,78,1.32
394,Vancouver,CA,2023-01-06 04:14:50,49.2497,-123.1193,50.09,80,100,15.01
395,Businga,CD,2023-01-06 04:14:56,3.3333,20.8833,68.68,57,100,0.98
396,Yola,NG,2023-01-06 04:14:57,9.2,12.4833,67.86,35,73,0.87
397,Aykhal,RU,2023-01-06 04:14:57,66.0,111.5,-41.67,100,96,4.38
398,Copiapo,CL,2023-01-06 04:14:57,-27.3667,-70.3333,60.49,67,0,0.81
399,Misratah,LY,2023-01-06 04:14:58,32.3754,15.0925,59.07,68,6,8.61
400,Sisimiut,GL,2023-01-06 04:14:58,66.9395,-53.6735,9.25,66,18,8.97
401,Ust-Karsk,RU,2023-01-06 04:14:59,52.7011,118.8077,-5.64,91,72,1.92
402,Ginda,IN,2023-01-06 04:15:00,30.6945,78.4932,55.78,8,0,2.68
403,Kisangani,CD,2023-01-06 04:14:04,0.5167,25.2,68.58,88,100,1.54
404,Samarai,PG,2023-01-06 04:15:00,-10.6167,150.6667,85.06,70,47,4.97
405,Mayo,US,2023-01-06 04:15:01,38.8876,-76.5119,52.0,84,75,10.36
406,Quatre Cocos,MU,2023-01-06 04:15:01,-20.2078,57.7625,82.09,73,69,15.86
407,Nakamura,JP,2023-01-06 04:15:02,32.9833,132.9333,54.7,41,16,6.76
408,Auki,SB,2023-01-06 04:15:02,-8.7676,160.7034,82.22,83,58,7.31
409,Baicheng,CN,2023-01-06 04:15:03,45.6167,122.8167,9.82,50,0,9.31
410,Sao Jose Da Coroa Grande,BR,2023-01-06 04:15:03,-8.8978,-35.1478,76.6,83,33,7.02
411,Weinan,CN,2023-01-06 04:15:04,34.5036,109.5089,54.5,15,0,8.9
412,Bourges,FR,2023-01-06 04:15:04,47.25,2.4167,47.79,83,100,5.57
413,Vardo,NO,2023-01-06 04:15:05,70.3705,31.1107,31.98,100,100,23.02
414,Nagua,DO,2023-01-06 04:16:05,19.3832,-69.8474,72.0,90,80,4.99
415,Abnub,EG,2023-01-06 04:16:06,27.2696,31.1511,50.99,72,0,5.53
416,Bathsheba,BB,2023-01-06 04:16:06,13.2167,-59.5167,77.61,83,40,24.16
417,Morondava,MG,2023-01-06 04:16:07,-20.2833,44.2833,78.06,76,90,5.61
418,Westport,US,2023-01-06 04:11:59,41.1415,-73.3579,45.28,87,100,8.05
419,Kandi,BJ,2023-01-06 04:16:08,11.1342,2.9386,67.77,28,96,5.3
420,Guayaramerin,BO,2023-01-06 04:16:08,-10.8368,-65.3614,69.48,99,100,1.23
421,Hanzhong,CN,2023-01-06 04:16:09,33.0728,107.0303,50.81,48,0,1.19
422,Narsaq,GL,2023-01-06 04:16:09,60.9167,-46.05,32.22,57,83,19.15
423,Chapais,CA,2023-01-06 04:16:10,49.7834,-74.8492,10.18,95,100,6.91
424,Salalah,OM,2023-01-06 04:16:10,17.0151,54.0924,75.29,69,75,4.61
425,Kampene,CD,2023-01-06 04:16:11,-3.6,26.6667,65.35,98,81,1.66
426,Turochak,RU,2023-01-06 04:16:11,52.2576,87.1224,30.81,99,100,3.15
427,Mumford,GH,2023-01-06 04:16:12,5.2618,-0.759,77.45,84,88,6.64
428,Srandakan,ID,2023-01-06 04:16:12,-7.9386,110.2506,81.57,78,99,11.18
429,Thunder Bay,CA,2023-01-06 04:15:30,48.4001,-89.3168,-3.93,91,66,5.35
430,Surenavan,AM,2023-01-06 04:16:13,39.75,44.8,32.72,42,0,5.7
431,Mahajanga,MG,2023-01-06 04:16:13,-15.7167,46.3167,78.82,83,20,4.61
432,Huzhou,CN,2023-01-06 04:16:02,30.8703,120.0933,56.12,43,3,10.94
433,Maningrida,AU,2023-01-06 04:16:14,-12.0667,134.2667,85.5,71,97,16.46
434,Kayes,ML,2023-01-06 04:16:15,14.0,-11.0,69.06,16,100,4.74
435,Bonavista,CA,2023-01-06 04:16:16,48.6499,-53.1147,22.28,70,49,15.48
436,Pampa,US,2023-01-06 04:14:16,35.5362,-100.9599,43.75,52,0,17.27
437,Berlevag,NO,2023-01-06 04:16:16,70.8578,29.0864,35.6,87,100,27.63
438,Shelopugino,RU,2023-01-06 04:16:17,51.6514,117.5599,-2.15,88,76,0.85
439,Olafsvik,IS,2023-01-06 04:16:17,64.8945,-23.7142,28.85,82,85,8.41
440,Luwuk,ID,2023-01-06 04:16:18,-0.9516,122.7875,87.28,62,100,2.1
441,Puerto Baquerizo Moreno,EC,2023-01-06 04:16:18,-0.9,-89.6,72.54,87,13,9.57
442,Nome,US,2023-01-06 04:12:25,64.5011,-165.4064,21.27,86,100,12.66
443,Stabat,ID,2023-01-06 04:16:19,3.761,98.4513,89.26,61,100,3.87
444,Camacha,PT,2023-01-06 04:16:20,33.0833,-16.3333,56.62,77,0,2.3
445,Hermiston,US,2023-01-06 04:16:20,45.8404,-119.2895,41.81,93,0,4.61
446,Gamba,GA,2023-01-06 04:16:21,-2.65,10.0,74.32,92,83,1.99
447,Honiara,SB,2023-01-06 04:16:21,-9.4333,159.95,84.27,76,54,5.26
448,Sovetskiy,RU,2023-01-06 04:16:21,61.3614,63.5842,-22.14,100,78,3.91
449,Mange,SL,2023-01-06 04:16:22,8.9167,-12.85,68.47,92,46,0.09
450,Yuli,NG,2023-01-06 04:16:23,9.6989,10.2744,65.86,32,68,7.72
451,Isla Mujeres,MX,2023-01-06 04:16:23,21.2311,-86.731,73.45,77,2,9.1
452,Itapirapua,BR,2023-01-06 04:12:21,-15.8233,-50.6133,70.86,96,91,0.07
453,Galle,LK,2023-01-06 04:16:24,6.0367,80.217,80.33,76,31,3.15
454,Cayenne,GF,2023-01-06 04:16:25,4.9333,-52.3333,73.44,94,100,2.3
455,Fallon,US,2023-01-06 04:16:25,39.4735,-118.7774,39.07,91,100,5.75
456,Banda Aceh,ID,2023-01-06 04:16:26,5.5577,95.3222,83.35,68,91,6.51
457,Hollister,US,2023-01-06 04:16:26,36.8525,-121.4016,51.49,90,22,0.0
458,Simbahan,PH,2023-01-06 04:16:27,6.3032,120.5836,81.54,78,98,3.47
459,Ballina,AU,2023-01-06 04:16:27,-28.8667,153.5667,73.78,85,88,18.21
460,Gardenstown,GB,2023-01-06 04:17:28,57.671,-2.336,43.12,67,41,26.02
461,Mendi,PG,2023-01-06 04:17:28,-6.1761,143.6513,65.01,82,94,5.06
462,Kamaishi,JP,2023-01-06 04:17:29,39.2667,141.8833,38.82,51,64,6.78
463,Sabang,ID,2023-01-06 04:17:12,5.8933,95.3214,81.43,75,38,12.71
464,Dauriya,RU,2023-01-06 04:17:30,49.9333,116.8667,-9.15,90,84,2.01
465,Giulianova,IT,2023-01-06 04:17:30,42.7612,13.9537,50.0,80,0,3.8
466,Hangu,CN,2023-01-06 04:17:31,39.2489,117.7892,44.64,25,0,16.58
467,Port Augusta,AU,2023-01-06 04:17:31,-32.5,137.7667,88.9,20,0,12.84
468,Ishim,RU,2023-01-06 04:17:32,56.1128,69.4902,-12.73,99,98,1.32
469,Moose Factory,CA,2023-01-06 04:17:32,51.2585,-80.6094,-11.22,84,0,2.3
470,Soyo,AO,2023-01-06 04:17:33,-6.1349,12.3689,76.26,84,100,2.28
471,Sorland,NO,2023-01-06 04:17:33,67.667,12.6934,29.35,60,0,28.86
472,Kuminskiy,RU,2023-01-06 04:17:34,58.6667,66.5667,-19.19,100,54,3.31
473,Roma,US,2023-01-06 04:17:34,43.2128,-75.4557,39.67,89,100,0.0
474,Sainte-Martine,CA,2023-01-06 04:17:35,45.2501,-73.7992,28.65,95,100,0.0
475,San Carlos De Bariloche,AR,2023-01-06 04:16:59,-41.1456,-71.3082,64.15,59,0,17.27
476,Nuevo Progreso,MX,2023-01-06 04:17:35,23.1667,-97.95,64.47,91,0,2.71
477,Khandyga,RU,2023-01-06 04:17:36,62.6667,135.6,-24.38,99,100,1.86
478,Carupano,VE,2023-01-06 04:17:36,10.6678,-63.2585,73.92,92,70,7.7
479,Magadan,RU,2023-01-06 04:17:37,59.5667,150.8,-7.47,75,17,7.0
480,Sungaipenuh,ID,2023-01-06 04:17:37,-2.0833,101.3833,75.54,71,85,4.05
481,Mubi,NG,2023-01-06 04:17:38,10.2676,13.2644,63.39,36,95,2.44
482,Antofagasta,CL,2023-01-06 04:17:38,-23.65,-70.4,65.48,76,5,2.73
483,San Cristobal,VE,2023-01-06 04:17:39,7.7669,-72.225,66.38,83,97,1.19
484,Seddon,AU,2023-01-06 04:17:39,-37.8068,144.8916,80.56,39,0,9.22
485,Ponta Delgada,PT,2023-01-06 04:17:40,37.7333,-25.6667,59.72,77,20,14.97
486,Angatuba,BR,2023-01-06 04:17:40,-23.4897,-48.4128,61.23,90,100,10.92
487,Saryg-Sep,RU,2023-01-06 04:17:41,51.5,95.6,7.88,84,96,1.3
488,Namatanai,PG,2023-01-06 04:17:42,-3.6667,152.4333,83.75,75,65,6.2
489,Juegang,CN,2023-01-06 04:17:42,32.3174,121.1855,56.98,49,31,13.44
490,Omboue,GA,2023-01-06 04:17:42,-1.5746,9.2618,76.14,90,89,5.26
491,Pareora,NZ,2023-01-06 04:17:44,-44.4871,171.2132,69.19,91,96,12.84
492,Vychegodskiy,RU,2023-01-06 04:17:44,61.247,46.8984,-14.58,98,96,4.56
493,Banes,CU,2023-01-06 04:17:45,20.9625,-75.7186,76.08,82,2,10.83
494,Nanortalik,GL,2023-01-06 04:17:46,60.1432,-45.2371,26.01,68,89,16.31
495,Oxford,GB,2023-01-06 04:14:26,51.7522,-1.256,45.48,89,20,8.05
496,Jumla,NP,2023-01-06 04:17:46,29.2747,82.1838,48.47,8,0,4.03
497,Ocos,GT,2023-01-06 04:17:47,14.5094,-92.1933,75.38,80,0,4.25
498,Conakry,GN,2023-01-06 04:17:47,9.538,-13.6773,76.62,76,24,7.96
499,Rio Grande,BR,2023-01-06 04:17:48,-32.035,-52.0986,69.76,80,1,13.73
500,Dandong,CN,2023-01-06 04:17:48,40.1292,124.3947,29.82,81,100,3.94
501,Bowen,AU,2023-01-06 04:17:48,-20.0167,148.2333,71.38,89,99,19.17
502,Viedma,AR,2023-01-06 04:17:13,-40.8135,-62.9967,71.55,57,34,17.74
503,Buala,SB,2023-01-06 04:17:49,-8.145,159.5921,83.64,77,38,7.16
504,Sindal,DK,2023-01-06 04:17:50,57.4712,10.2031,37.13,96,100,21.25
505,Dicabisagan,PH,2023-01-06 04:17:50,17.0818,122.4157,75.36,87,100,8.81
506,Saint-Joseph,RE,2023-01-06 04:17:50,-21.3667,55.6167,80.98,77,71,11.68
507,Hambantota,LK,2023-01-06 04:18:51,6.1241,81.1185,81.19,70,37,12.01
508,Kinablangan,PH,2023-01-06 04:18:51,7.6947,126.5503,83.17,72,99,9.51
509,Paraopeba,BR,2023-01-06 04:18:52,-19.2757,-44.4033,67.15,99,100,2.08
510,Jadu,LY,2023-01-06 04:18:52,31.953,12.0261,44.78,61,0,2.73
511,Xining,CN,2023-01-06 04:18:53,36.6167,101.7667,31.48,17,0,2.44
512,Vaitape,PF,2023-01-06 04:18:53,-16.5167,-151.75,81.48,67,21,8.34
513,Marau,BR,2023-01-06 04:18:54,-28.4492,-52.2,60.66,71,0,5.99
514,Tabas,IR,2023-01-06 04:18:54,33.5959,56.9244,47.23,69,89,1.34
515,Taunggyi,MM,2023-01-06 04:18:55,20.7833,97.0333,70.86,46,7,1.39
516,Roald,NO,2023-01-06 04:18:55,62.5833,6.1333,38.32,80,100,21.85
517,Juneau,US,2023-01-06 04:18:56,58.3019,-134.4197,36.21,97,100,0.0
518,Lahan,NP,2023-01-06 04:18:56,26.7296,86.4951,65.68,43,0,6.46
519,Lucea,JM,2023-01-06 04:18:57,18.451,-78.1736,78.66,78,0,4.34
520,Acapulco,MX,2023-01-06 04:17:36,16.8634,-99.8901,76.82,88,0,0.0
521,Abu Samrah,SY,2023-01-06 04:18:57,35.3029,37.1841,47.68,82,79,4.7
522,Salgueiro,BR,2023-01-06 04:18:58,-8.0742,-39.1192,74.41,45,65,4.27
523,College,US,2023-01-06 04:14:05,64.8569,-147.8028,-5.85,81,75,0.0
524,Impfondo,CG,2023-01-06 04:18:58,1.6381,18.0667,69.17,93,86,2.98
525,Saint-Omer,FR,2023-01-06 04:18:59,50.75,2.1667,53.24,80,100,19.71
526,Uribia,CO,2023-01-06 04:18:59,11.7139,-72.266,77.41,78,0,12.86
527,Karpathos,GR,2023-01-06 04:19:00,35.507,27.2132,57.16,77,1,10.36
528,Palmas,BR,2023-01-06 04:17:46,-10.2128,-48.3603,77.99,21,75,3.44
529,Namibe,AO,2023-01-06 04:19:00,-15.1961,12.1522,70.79,79,76,9.24
530,Touros,BR,2023-01-06 04:19:01,-5.1989,-35.4608,78.15,79,7,9.86
531,Cap Malheureux,MU,2023-01-06 04:19:01,-19.9842,57.6142,82.47,66,26,14.0
532,Oistins,BB,2023-01-06 04:19:02,13.0667,-59.5333,77.09,83,40,24.16
533,Verkhovazhye,RU,2023-01-06 04:19:02,60.7472,42.0465,-13.54,99,100,4.81
534,Terlizzi,IT,2023-01-06 04:19:03,41.1311,16.5453,46.13,95,0,6.91
535,Tamala,RU,2023-01-06 04:19:03,52.541,43.2515,17.78,93,100,15.95
536,Manyana,BW,2023-01-06 04:19:04,-23.4,21.7167,66.74,35,21,7.49
537,Camargo,MX,2023-01-06 04:19:04,27.6667,-105.1667,58.15,21,0,8.5
538,Bugas,PH,2023-01-06 04:19:05,9.898,123.4049,83.37,73,47,9.69
539,Bushehr,IR,2023-01-06 04:19:05,28.9684,50.8385,53.69,94,40,4.61
540,Marystown,CA,2023-01-06 04:19:06,47.1666,-55.1483,25.23,53,100,3.42
541,Portland,US,2023-01-06 04:17:16,45.5234,-122.6762,52.43,90,75,11.01
542,Murdochville,CA,2023-01-06 04:19:07,48.9583,-65.5006,11.28,89,99,3.4
543,Barcelos,PT,2023-01-06 04:19:07,41.5388,-8.6151,47.91,81,57,4.16
544,Barra Patuca,HN,2023-01-06 04:19:08,15.8,-84.2833,76.28,77,0,7.29
545,Hofn,IS,2023-01-06 04:19:09,64.2539,-15.2082,31.23,80,100,13.85
546,Douglas,US,2023-01-06 04:19:09,41.3,-96.167,26.58,86,0,5.75
547,Hof,DE,2023-01-06 04:19:10,50.3167,11.9167,46.45,94,100,8.05
548,Senneterre,CA,2023-01-06 04:19:11,48.3835,-77.2328,22.21,97,100,4.21
549,Tongliao,CN,2023-01-06 04:19:11,43.6125,122.2653,20.43,41,97,9.71
550,Wuwei,CN,2023-01-06 04:19:12,37.9281,102.6414,43.39,13,0,2.48
551,Kenora,CA,2023-01-06 04:15:17,49.8167,-94.4337,0.91,94,21,1.3
